Date,Close,High,Low,Open,Volume
2021-06-22,130.6,130.69,128.3,128.79,74783600
2021-06-23,130.32,130.93,129.87,130.39,60214200
2021-06-24,130.04,131.24,129.57,131.06,68711000
2021-06-25,129.75,130.51,129.46,130.09,70783700
2021-06-28,131.38,131.84,129.98,130.04,62111300
2021-06-29,132.89,133.04,130.96,131.4,64556100
2021-06-30,133.5,133.94,132.44,132.73,63261400
2021-07-01,133.8,133.86,132.33,133.15,52485800
2021-07-02,136.43,136.47,134.27,134.42,78852600
2021-07-06,138.43,139.54,136.53,136.53,108181800
2021-07-07,140.92,141.23,139.06,139.92,104911600
2021-07-08,139.62,140.42,137.12,138.01,105575500
2021-07-09,141.45,141.97,139.05,139.15,99890800
2021-07-12,140.85,142.63,140.36,142.52,76299700
2021-07-13,141.96,143.74,140.0,140.39,100827100
2021-07-14,145.38,145.79,143.95,144.36,127050800
2021-07-15,144.73,146.21,143.38,145.47,106820300
2021-07-16,142.69,145.98,142.2,144.71,93251400
2021-07-19,138.85,140.43,138.09,140.12,121434600
2021-07-20,142.46,143.39,139.35,139.84,96350000
2021-07-21,141.73,142.44,140.98,141.86,74993500
2021-07-22,143.09,144.46,142.13,142.26,77338200
2021-07-23,144.81,144.97,143.21,143.82,71447400
2021-07-26,145.23,146.05,143.97,144.53,72434100
2021-07-27,143.06,145.44,141.88,145.36,104818600
2021-07-28,141.32,143.26,138.94,141.15,118931200
2021-07-29,141.96,142.85,140.93,141.04,56699500
2021-07-30,142.18,142.64,140.47,140.73,70440600
2021-08-02,141.85,143.24,141.58,142.66,62880000
2021-08-03,143.64,144.3,141.51,142.13,64786600
2021-08-04,143.24,144.06,142.59,143.55,56368300
2021-08-05,143.35,144.11,142.48,143.27,46397700
2021-08-06,142.66,143.61,142.17,142.87,54126800
2021-08-09,142.61,143.21,142.06,142.72,48908700
2021-08-10,142.14,144.2,141.84,142.96,69023100
2021-08-11,142.39,143.23,142.07,142.58,48493500
2021-08-12,145.35,145.5,142.37,142.71,72282600
2021-08-13,145.55,145.89,144.74,145.43,59375000
2021-08-16,147.53,147.59,142.99,145.01,103296000
2021-08-17,146.62,148.07,145.54,146.66,92229700
2021-08-18,142.88,147.13,142.67,146.24,86326000
2021-08-19,143.21,144.48,141.06,141.58,86960300
2021-08-20,144.66,144.97,143.29,143.93,60549600
2021-08-23,146.15,146.62,144.37,144.78,60131800
2021-08-24,146.06,147.27,145.6,145.89,48606400
2021-08-25,144.83,146.74,144.28,146.25,58991300
2021-08-26,144.03,145.57,144.0,144.82,48597200
2021-08-27,145.07,145.21,143.34,143.97,55802400
2021-08-30,149.48,149.84,145.07,145.46,90956700
2021-08-31,148.22,149.17,147.69,149.03,86453100
2021-09-01,148.88,151.29,148.72,149.19,80313700
2021-09-02,150.0,151.04,148.77,150.21,71115500
2021-09-03,150.63,150.95,149.45,150.1,57808700
2021-09-07,152.96,153.52,150.72,151.28,82278300
2021-09-08,151.42,153.3,150.32,153.25,74420200
2021-09-09,150.41,152.4,150.29,151.79,57305700
2021-09-10,145.43,151.78,145.16,151.31,140893200
2021-09-13,145.99,147.82,145.21,147.05,102404300
2021-09-14,144.6,147.48,143.42,146.77,109296300
2021-09-15,145.48,145.89,142.89,145.03,83281300
2021-09-16,145.25,145.43,143.72,144.91,68034100
2021-09-17,142.59,145.28,142.29,145.28,129868800
2021-09-20,139.54,141.39,137.91,140.38,123478900
2021-09-21,140.02,141.16,139.38,140.51,75834000
2021-09-22,142.38,142.95,140.28,141.01,76404300
2021-09-23,143.34,143.58,142.18,143.16,64838200
2021-09-24,143.43,143.96,142.1,142.2,53477900
2021-09-27,141.91,142.49,140.4,142.01,74150700
2021-09-28,138.53,141.31,138.32,139.84,108972300
2021-09-29,139.43,141.01,138.65,139.08,74602000
2021-09-30,138.13,140.95,137.92,140.24,89056700
2021-10-01,139.26,139.52,135.8,138.52,94639600
2021-10-04,135.83,138.83,134.98,138.39,98322000
2021-10-05,137.75,138.86,136.04,136.17,80861100
2021-10-06,138.62,138.77,135.08,136.15,83221100
2021-10-07,139.88,140.79,139.33,139.66,61732700
2021-10-08,139.5,140.75,139.17,140.6,58773200
2021-10-11,139.41,141.37,138.44,138.89,64452200
2021-10-12,138.14,139.84,137.68,139.82,73035900
2021-10-13,137.56,138.04,135.89,137.88,78762700
2021-10-14,140.34,140.46,138.14,138.73,69907100
2021-10-15,141.39,141.45,140.1,140.35,67940300
2021-10-18,143.06,143.35,139.75,140.04,85589200
2021-10-19,145.22,145.62,143.06,143.51,76378900
2021-10-20,145.71,146.19,144.6,145.16,58418800
2021-10-21,145.92,146.08,144.35,145.27,61421000
2021-10-22,145.15,146.61,145.1,146.13,58883400
2021-10-25,145.1,145.82,144.11,145.14,50720600
2021-10-26,145.77,147.25,145.47,145.78,60893400
2021-10-27,145.31,146.17,144.96,145.81,56094900
2021-10-28,148.94,149.53,146.16,146.26,100077900
2021-10-29,146.24,146.37,142.93,143.72,124953200
2021-11-01,145.42,146.14,144.28,145.45,74588300
2021-11-02,146.45,147.96,145.11,145.12,69122000
2021-11-03,147.89,148.36,146.26,146.81,54511500
2021-11-04,147.37,148.8,147.06,147.97,60394600
2021-11-05,147.9,148.8,146.7,148.49,65463900
2021-11-08,147.08,148.18,146.8,148.02,55020900
2021-11-09,147.44,148.04,146.7,146.84,56787900
2021-11-10,144.61,146.77,144.54,146.67,65187100
2021-11-11,144.56,146.09,144.38,145.63,41000000
2021-11-12,146.64,147.04,144.18,145.11,63804000
2021-11-15,146.65,148.48,146.09,147.01,59222800
2021-11-16,147.62,148.1,146.0,146.59,59256200
2021-11-17,150.06,151.53,147.61,147.62,88807000
2021-11-18,154.34,155.12,149.63,150.27,137827700
2021-11-19,156.96,157.42,153.03,154.12,117305600
2021-11-22,157.42,161.99,157.4,158.06,117467900
2021-11-23,157.8,158.18,155.5,157.52,96041900
2021-11-24,158.32,158.51,156.07,157.16,69463600
2021-11-26,153.3,156.86,152.86,156.0,76959800
2021-11-29,156.66,157.59,155.24,155.81,88748200
2021-11-30,161.6,161.82,156.34,156.41,174048100
2021-12-01,161.09,166.49,160.85,163.73,152052500
2021-12-02,160.1,160.53,154.27,155.19,136739200
2021-12-03,158.22,161.27,156.15,160.35,118023100
2021-12-06,161.62,164.13,160.61,160.62,107497000
2021-12-07,167.35,167.74,164.58,165.3,120405400
2021-12-08,171.16,172.03,166.88,168.28,116998900
2021-12-09,170.66,172.8,170.03,171.0,108923700
2021-12-10,175.44,175.61,170.78,171.29,115402700
2021-12-13,171.81,178.06,171.6,177.07,153237000
2021-12-14,170.43,173.77,168.36,171.33,139380400
2021-12-15,175.29,175.49,168.46,171.19,131063300
2021-12-16,168.41,177.09,166.93,175.27,150185800
2021-12-17,167.31,169.59,165.9,166.13,195432700
2021-12-20,165.95,166.77,163.72,164.52,107499100
2021-12-21,169.12,169.33,165.34,167.72,91185900
2021-12-22,171.71,171.93,168.3,169.17,92135300
2021-12-23,172.34,172.9,171.35,171.92,68356600
2021-12-27,176.3,176.39,173.11,173.13,74919600
2021-12-28,175.28,177.27,174.54,176.13,79144300
2021-12-29,175.37,176.59,174.16,175.32,62348900
2021-12-30,174.21,176.53,174.11,175.46,59773000
2021-12-31,173.6,175.22,173.3,174.11,64062300
2022-01-03,177.94,178.79,173.74,173.85,104487900
2022-01-04,175.68,178.85,175.11,178.55,99310400
2022-01-05,171.01,176.14,170.73,175.59,94537600
2022-01-06,168.15,171.38,167.8,168.84,96904000
2022-01-07,168.32,170.25,167.21,169.02,86709100
2022-01-10,168.34,168.64,164.41,165.3,106765600
2022-01-11,171.16,171.26,167.0,168.47,76138300
2022-01-12,171.6,173.22,170.91,172.18,74805200
2022-01-13,168.34,172.67,167.95,171.85,84505800
2022-01-14,169.2,169.89,167.26,167.51,80440800
2022-01-18,166.0,168.68,165.62,167.67,90956700
2022-01-19,162.51,167.25,162.23,166.2,94815000
2022-01-20,160.83,165.89,160.51,163.25,91420500
2022-01-21,158.78,162.61,158.67,160.74,122848900
2022-01-24,158.01,158.67,151.24,156.44,162294600
2022-01-25,156.21,159.12,153.51,155.42,115798400
2022-01-26,156.12,160.71,154.29,159.84,108275300
2022-01-27,155.66,160.18,154.74,158.82,121954600
2022-01-28,166.52,166.54,159.16,162.0,179935700
2022-01-31,170.87,171.09,165.72,166.35,115541600
2022-02-01,170.71,170.93,168.46,170.12,86213900
2022-02-02,171.91,171.95,169.45,170.84,84914300
2022-02-03,169.03,172.3,168.27,170.58,89418100
2022-02-04,168.75,170.42,167.08,168.05,82465400
2022-02-07,168.04,170.28,167.34,169.21,77251200
2022-02-08,171.14,171.65,167.81,168.1,74829200
2022-02-09,172.56,172.92,171.21,172.33,71285000
2022-02-10,168.49,171.77,167.93,170.46,90865900
2022-02-11,165.08,169.43,164.49,168.69,98670700
2022-02-14,165.31,166.0,163.04,163.84,86185500
2022-02-15,169.14,169.3,166.65,167.36,62527400
2022-02-16,168.91,169.68,166.46,168.22,61177400
2022-02-17,165.31,168.28,164.91,167.42,69589300
2022-02-18,163.77,166.94,162.68,166.23,82772700
2022-02-22,160.85,163.17,158.73,161.5,91162800
2022-02-23,156.69,162.64,156.38,162.04,90009200
2022-02-24,159.3,159.41,148.79,149.36,141147500
2022-02-25,161.37,161.63,157.47,160.38,91974200
2022-02-28,161.63,161.93,159.0,159.62,95056600
2022-03-01,159.75,163.08,158.55,161.22,83474400
2022-03-02,163.04,163.83,159.51,160.92,79724800
2022-03-03,162.72,165.34,162.05,164.91,76678400
2022-03-04,159.72,162.05,158.68,161.02,83737200
2022-03-07,155.94,161.54,155.68,159.91,96418800
2022-03-08,154.12,159.44,152.51,155.47,131148300
2022-03-09,159.51,159.96,156.04,158.07,91454900
2022-03-10,155.17,157.0,152.69,156.82,105342000
2022-03-11,151.46,155.92,151.24,155.57,96970100
2022-03-14,147.44,150.87,146.93,148.25,108732100
2022-03-15,151.81,152.28,147.2,147.71,92964300
2022-03-16,156.22,156.62,151.2,153.73,102300200
2022-03-17,157.23,157.6,154.3,155.26,75615400
2022-03-18,160.52,161.01,156.39,157.12,123511700
2022-03-21,161.89,162.84,159.57,160.06,95811400
2022-03-22,165.25,165.84,161.43,162.01,81532000
2022-03-23,166.62,168.99,164.11,164.44,98062700
2022-03-24,170.39,170.46,166.62,167.45,90131400
2022-03-25,171.03,171.58,169.1,170.21,80546200
2022-03-28,171.89,172.02,168.37,168.53,90371900
2022-03-29,175.18,175.23,172.62,172.96,100589400
2022-03-30,174.02,175.82,172.97,174.78,92633200
2022-03-31,170.92,174.27,170.72,174.08,103049300
2022-04-01,170.63,171.19,168.31,170.35,78751300
2022-04-04,174.67,174.72,170.76,170.88,76468400
2022-04-05,171.36,174.53,170.74,173.75,73401800
2022-04-06,168.2,169.96,166.54,168.72,89058800
2022-04-07,168.5,169.7,166.26,167.55,77594700
2022-04-08,166.5,168.15,165.63,168.15,76575500
2022-04-11,162.25,165.46,162.01,165.15,72246700
2022-04-12,164.12,166.28,163.12,164.47,79265200
2022-04-13,166.8,167.43,163.25,163.86,70618900
2022-04-14,161.8,167.65,161.55,167.02,75329400
2022-04-18,161.58,163.08,160.12,160.46,69023900
2022-04-19,163.86,164.28,160.45,161.54,67723800
2022-04-20,163.7,165.31,162.59,165.2,67929800
2022-04-21,162.91,167.91,162.41,165.34,87227800
2022-04-22,158.37,164.33,158.09,162.94,84882400
2022-04-25,159.44,159.72,155.11,157.72,96046400
2022-04-26,153.49,158.91,153.41,158.82,95623200
2022-04-27,153.26,156.42,152.1,152.62,88063200
2022-04-28,160.18,161.05,155.57,155.89,130216800
2022-04-29,154.32,162.69,153.93,158.42,131747600
2022-05-02,154.62,154.89,150.03,153.4,123055300
2022-05-03,156.11,157.32,153.02,154.81,88966500
2022-05-04,162.51,162.96,155.9,156.3,108256500
2022-05-05,153.46,160.62,151.68,160.39,130525300
2022-05-06,154.18,156.3,151.15,152.94,116124600
2022-05-09,149.07,152.76,148.51,151.88,131577900
2022-05-10,151.47,153.66,149.92,152.46,115366700
2022-05-11,143.62,152.39,142.94,150.48,142689800
2022-05-12,139.75,143.32,136.07,139.96,182602000
2022-05-13,144.21,145.19,140.29,141.74,113990900
2022-05-16,142.68,144.62,141.34,142.69,86643800
2022-05-17,146.3,146.82,143.79,145.93,78336300
2022-05-18,138.05,144.46,137.15,143.96,109742900
2022-05-19,134.65,138.87,133.91,137.13,136095600
2022-05-20,134.88,137.93,130.0,136.35,137426100
2022-05-23,140.29,140.44,134.94,135.08,117726300
2022-05-24,137.6,139.18,134.63,138.04,104132700
2022-05-25,137.75,139.0,135.62,135.71,92482700
2022-05-26,140.95,141.5,134.44,134.69,90601500
2022-05-27,146.7,146.73,142.4,142.53,90978500
2022-05-31,145.91,147.7,143.95,146.14,103718400
2022-06-01,145.78,148.75,144.77,146.95,74286600
2022-06-02,148.23,148.29,143.97,144.92,72348100
2022-06-03,142.52,145.06,141.62,144.01,88570300
2022-06-06,143.26,145.65,142.05,144.14,71598400
2022-06-07,145.78,146.07,141.26,141.51,67808200
2022-06-08,145.05,146.92,144.56,145.66,53950200
2022-06-09,139.83,145.04,139.73,144.19,69473000
2022-06-10,134.43,137.99,134.36,137.52,91437900
2022-06-13,129.28,132.54,128.85,130.26,122207100
2022-06-14,130.15,131.26,128.89,130.51,84784300
2022-06-15,132.76,134.64,129.56,131.65,91533000
2022-06-16,127.5,129.78,126.5,129.48,108123900
2022-06-17,128.97,130.46,127.26,127.51,134520300
2022-06-21,133.2,134.36,130.7,130.79,81000500
2022-06-22,132.69,135.05,131.27,132.14,73409200
2022-06-23,135.55,135.86,132.96,134.13,72433800
2022-06-24,138.87,139.12,137.02,137.15,89116800
2022-06-27,138.87,140.67,138.2,139.89,70207900
2022-06-28,134.74,140.6,134.62,139.33,67083400
2022-06-29,136.49,137.9,133.98,134.75,66242400
2022-06-30,134.03,135.65,131.14,134.55,98964500
2022-07-01,136.2,136.3,132.99,133.36,71051600
2022-07-05,138.77,138.82,134.24,135.06,73353800
2022-07-06,140.11,141.28,138.3,138.57,74064300
2022-07-07,143.47,143.67,140.46,140.47,66253700
2022-07-08,144.15,144.65,142.15,142.4,64547800
2022-07-11,142.02,143.75,140.95,142.8,63141600
2022-07-12,142.99,145.53,142.2,142.89,77588800
2022-07-13,142.63,143.57,139.32,140.18,71185600
2022-07-14,145.55,146.02,140.43,141.24,78140700
2022-07-15,147.21,147.89,145.28,146.83,76259900
2022-07-18,144.18,148.59,143.81,147.77,81420900
2022-07-19,148.03,148.25,144.02,145.01,82982400
2022-07-20,150.03,150.69,147.41,148.15,64823400
2022-07-21,152.29,152.51,148.95,151.46,65086600
2022-07-22,151.06,153.2,150.39,152.33,66675400
2022-07-25,149.94,151.99,149.28,150.98,53623900
2022-07-26,148.62,150.08,147.83,149.26,55138700
2022-07-27,153.7,154.23,149.17,149.58,78620700
2022-07-28,154.25,154.54,151.37,153.89,81378700
2022-07-29,159.31,160.41,156.36,158.07,101786900
2022-08-01,158.33,160.37,157.72,157.84,67829400
2022-08-02,156.86,159.21,156.49,156.95,59907000
2022-08-03,162.86,163.31,157.59,157.67,82507500
2022-08-04,162.55,163.9,161.19,162.74,55474100
2022-08-05,162.32,162.81,160.01,160.22,56697000
2022-08-08,161.85,164.74,161.19,163.32,60276900
2022-08-09,161.9,162.78,160.26,161.02,63135500
2022-08-10,166.14,166.24,163.84,164.61,70170500
2022-08-11,165.4,167.86,165.11,166.94,57149200
2022-08-12,168.95,169.02,166.3,166.71,68039400
2022-08-15,170.02,170.21,168.21,168.38,54091700
2022-08-16,169.86,170.53,168.52,169.62,56377100
2022-08-17,171.35,172.92,169.41,169.61,79542000
2022-08-18,170.96,171.7,169.95,170.57,62290100
2022-08-19,168.38,170.56,168.17,169.86,70346300
2022-08-22,164.5,166.75,164.08,166.58,69026800
2022-08-23,164.17,165.62,163.6,164.02,54147100
2022-08-24,164.46,165.03,163.2,164.26,53841500
2022-08-25,166.92,167.02,165.27,165.69,51218200
2022-08-26,160.62,167.92,160.56,167.45,78961000
2022-08-29,158.42,159.92,156.89,158.2,73314000
2022-08-30,156.0,159.58,154.83,159.16,77906200
2022-08-31,154.34,157.64,154.26,157.37,87991100
2022-09-01,155.07,155.52,151.84,153.77,74229900
2022-09-02,152.96,157.42,152.13,156.82,76957800
2022-09-06,151.7,154.21,150.87,153.6,73714800
2022-09-07,153.1,153.8,150.8,151.98,87449600
2022-09-08,151.63,153.5,149.88,151.81,84923800
2022-09-09,154.49,154.93,151.92,152.62,68028800
2022-09-12,160.44,161.25,156.38,156.67,104956000
2022-09-13,151.02,157.6,150.56,156.97,122656600
2022-09-14,152.47,154.22,150.8,151.95,87965400
2022-09-15,149.58,152.4,148.61,151.82,90481100
2022-09-16,147.94,148.58,145.65,148.44,162278800
2022-09-19,151.65,151.73,146.37,146.58,81474200
2022-09-20,154.03,155.18,150.28,150.59,107689800
2022-09-21,150.9,155.83,150.79,154.46,101696800
2022-09-22,149.94,151.64,148.15,149.59,86652500
2022-09-23,147.67,148.7,145.84,148.42,96029900
2022-09-26,148.01,150.95,146.9,146.92,93339400
2022-09-27,148.98,151.89,147.2,149.94,84442700
2022-09-28,147.1,147.88,142.19,144.94,146691400
2022-09-29,139.87,144.03,138.1,143.42,128138200
2022-09-30,135.67,140.48,135.47,138.69,124925300
2022-10-03,139.84,140.45,135.17,135.68,114311700
2022-10-04,143.42,143.54,141.62,142.37,87830100
2022-10-05,143.72,144.68,140.39,141.43,79471000
2022-10-06,142.77,144.84,142.56,143.14,68402200
2022-10-07,137.52,140.48,136.9,139.93,85925600
2022-10-10,137.85,139.29,136.03,137.85,74899000
2022-10-11,136.43,138.76,135.69,137.34,77033700
2022-10-12,135.81,137.79,135.63,136.58,70433700
2022-10-13,140.37,140.96,131.91,132.52,113224000
2022-10-14,135.85,141.87,135.66,141.67,88598000
2022-10-17,139.8,140.28,137.7,138.49,85250900
2022-10-18,141.12,144.01,138.03,142.83,99136600
2022-10-19,141.22,142.29,138.91,139.09,61758300
2022-10-20,140.76,143.22,140.04,140.4,64522000
2022-10-21,144.57,145.14,140.04,140.25,86548600
2022-10-24,146.71,147.48,143.33,144.49,75981900
2022-10-25,149.55,149.7,146.62,147.34,74732300
2022-10-26,146.61,149.21,145.33,148.19,88194300
2022-10-27,142.15,146.32,141.49,145.36,109180200
2022-10-28,152.89,154.62,145.11,145.49,164762400
2022-10-31,150.53,151.41,149.14,150.35,97943200
2022-11-01,147.89,152.6,146.4,152.24,80379300
2022-11-02,142.37,149.38,142.34,146.22,93604600
2022-11-03,136.34,140.18,136.21,139.46,97918500
2022-11-04,136.07,140.29,132.14,139.72,140814800
2022-11-07,136.6,136.83,133.41,134.82,83374600
2022-11-08,137.17,139.07,135.2,138.07,89908500
2022-11-09,132.62,136.24,132.34,136.19,74917800
2022-11-10,144.42,144.42,137.17,138.88,118854000
2022-11-11,147.2,147.51,141.96,143.39,93979700
2022-11-14,145.81,147.77,144.97,146.48,73374100
2022-11-15,147.54,151.03,146.08,149.68,89868300
2022-11-16,146.31,147.37,144.83,146.64,64218300
2022-11-17,148.2,148.95,143.71,143.99,80389400
2022-11-18,148.77,150.15,147.47,149.77,74829600
2022-11-21,145.54,147.86,145.25,147.65,58724100
2022-11-22,147.67,147.91,144.48,145.66,51804100
2022-11-23,148.55,149.3,146.85,146.96,58301400
2022-11-25,145.64,146.4,144.66,145.83,35195900
2022-11-28,141.81,144.19,140.99,142.72,69246000
2022-11-29,138.81,142.39,138.01,141.88,83763800
2022-11-30,145.56,146.24,138.2,139.04,111380900
2022-12-01,145.83,146.64,144.16,145.74,71250400
2022-12-02,145.34,145.53,143.22,143.52,65447400
2022-12-05,144.18,148.4,143.34,145.3,68826400
2022-12-06,140.52,144.84,139.55,144.62,64727200
2022-12-07,138.59,140.98,137.66,139.82,69721100
2022-12-08,140.27,141.12,138.75,139.98,62128300
2022-12-09,139.79,143.14,138.55,139.96,76097000
2022-12-12,142.08,142.09,138.71,140.32,70462700
2022-12-13,143.04,147.47,141.83,147.0,93886200
2022-12-14,140.82,144.21,138.8,142.92,82291200
2022-12-15,134.22,139.43,133.76,138.76,98931900
2022-12-16,132.27,135.35,131.5,134.41,160156900
2022-12-19,130.16,132.94,129.13,132.86,79592600
2022-12-20,130.09,131.03,127.72,129.2,77432800
2022-12-21,133.19,134.53,130.53,130.76,85928000
2022-12-22,130.02,132.31,128.13,132.11,77852100
2022-12-23,129.66,130.21,127.48,128.74,63814900
2022-12-27,127.86,129.22,126.57,129.19,69007800
2022-12-28,123.94,128.84,123.77,127.51,85438400
2022-12-29,127.45,128.3,125.6,125.85,75703700
2022-12-30,127.76,127.78,125.3,126.27,77034200
2023-01-03,122.98,128.72,122.1,128.11,112117500
2023-01-04,124.25,126.51,122.99,124.77,89113600
2023-01-05,122.93,125.64,122.68,125.01,80962700
2023-01-06,127.46,128.12,122.81,123.91,87754700
2023-01-09,127.98,131.18,127.72,128.29,70790800
2023-01-10,128.55,129.07,125.98,128.09,63896200
2023-01-11,131.26,131.28,128.28,129.06,69458900
2023-01-12,131.18,132.02,129.25,131.65,71379600
2023-01-13,132.51,132.67,129.46,129.83,57809700
2023-01-17,133.67,135.0,131.89,132.58,63646600
2023-01-18,132.95,136.3,132.78,134.54,69672800
2023-01-19,133.01,133.98,131.54,131.84,58280400
2023-01-20,135.57,135.72,131.98,133.02,80223600
2023-01-23,138.76,140.93,135.6,135.81,81760300
2023-01-24,140.15,140.77,137.96,137.97,66435100
2023-01-25,139.49,140.05,136.49,138.54,65799300
2023-01-26,141.56,141.84,139.53,140.78,54105100
2023-01-27,143.49,144.77,140.69,140.77,70555800
2023-01-30,140.61,143.12,140.47,142.54,64015300
2023-01-31,141.88,141.93,139.91,140.32,65874500
2023-02-01,143.0,144.16,138.96,141.57,77663600
2023-02-02,148.3,148.66,145.7,146.41,118339000
2023-02-03,151.92,154.75,145.36,145.56,154357300
2023-02-06,149.2,150.54,148.26,150.02,69858300
2023-02-07,152.07,152.64,148.13,148.13,83322600
2023-02-08,149.38,152.0,148.65,151.31,64120100
2023-02-09,148.35,151.75,147.91,151.21,56007100
2023-02-10,148.72,149.04,146.95,147.19,57450700
2023-02-13,151.51,151.92,148.63,148.66,62199000
2023-02-14,150.87,151.43,148.57,149.81,61707600
2023-02-15,152.97,153.14,150.56,150.78,65573800
2023-02-16,151.38,153.96,151.02,151.18,68167900
2023-02-17,150.23,150.68,148.56,150.04,59144100
2023-02-21,146.22,149.0,146.16,147.92,58867200
2023-02-22,146.65,147.67,144.93,146.61,51011300
2023-02-23,147.13,148.06,145.0,147.81,48394200
2023-02-24,144.48,144.95,143.51,144.88,55469600
2023-02-27,145.67,146.9,145.21,145.47,44998500
2023-02-28,145.17,146.82,144.6,144.82,50547000
2023-03-01,143.1,144.99,142.81,144.6,55479000
2023-03-02,143.69,144.48,141.71,142.19,52238100
2023-03-03,148.74,148.82,145.09,145.79,70732300
2023-03-06,151.49,153.93,151.13,151.45,87558000
2023-03-07,149.3,151.69,148.83,151.37,56182000
2023-03-08,150.55,151.14,149.52,150.49,47204800
2023-03-09,148.3,152.19,147.95,151.23,53833600
2023-03-10,146.24,148.65,145.37,147.93,68572400
2023-03-13,148.18,150.81,145.46,145.57,84457100
2023-03-14,150.27,151.07,147.82,148.98,73695900
2023-03-15,150.67,150.92,147.64,148.89,77167900
2023-03-16,153.48,154.08,149.34,149.85,76161100
2023-03-17,152.65,154.36,151.94,153.71,98944600
2023-03-20,155.01,155.42,151.81,152.71,73641400
2023-03-21,156.86,156.98,154.16,154.93,73938300
2023-03-22,155.43,159.68,155.41,156.88,75701800
2023-03-23,156.52,159.1,155.29,156.42,67622100
2023-03-24,157.82,157.9,155.45,156.45,59196500
2023-03-27,155.88,158.33,155.47,157.51,52390300
2023-03-28,155.26,156.08,153.61,155.57,45992200
2023-03-29,158.33,158.6,156.93,156.95,51305700
2023-03-30,159.89,160.0,158.82,159.08,49501700
2023-03-31,162.4,162.49,159.45,159.97,68749800
2023-04-03,163.65,163.76,161.73,161.78,56976200
2023-04-04,163.11,164.31,162.6,164.07,46278300
2023-04-05,161.27,162.54,159.34,162.24,51511700
2023-04-06,162.16,162.45,159.54,159.96,45390100
2023-04-10,159.57,159.57,157.65,158.97,47716900
2023-04-11,158.36,159.89,158.07,159.88,47644200
2023-04-12,157.67,159.6,157.35,158.77,50133100
2023-04-13,163.05,163.28,158.97,159.18,68445600
2023-04-14,162.7,163.79,161.33,162.09,49386500
2023-04-17,162.72,162.88,161.54,162.58,41516200
2023-04-18,163.94,164.87,163.13,163.58,49923000
2023-04-19,165.08,165.61,163.03,163.28,47720200
2023-04-20,164.12,165.32,163.05,163.57,52456400
2023-04-21,162.51,163.92,161.99,162.54,58337300
2023-04-24,162.82,163.08,161.4,162.49,41949600
2023-04-25,161.28,163.78,161.24,162.68,48714100
2023-04-26,161.27,162.77,160.33,160.58,45498800
2023-04-27,165.85,166.0,162.68,162.68,64902300
2023-04-28,167.1,167.27,165.33,165.93,55275900
2023-05-01,167.01,167.86,166.08,166.71,52472900
2023-05-02,165.98,167.76,165.0,167.51,48425700
2023-05-03,164.91,168.32,164.62,166.93,65136000
2023-05-04,163.27,164.5,161.81,162.39,81235400
2023-05-05,170.93,171.65,168.17,168.38,113453200
2023-05-08,170.86,171.21,169.5,169.86,55962800
2023-05-09,169.16,170.9,168.99,170.42,45326900
2023-05-10,170.92,171.39,169.29,170.39,53724500
2023-05-11,171.11,171.94,169.56,171.21,49514700
2023-05-12,170.18,171.65,168.64,171.22,45533100
2023-05-15,169.69,170.82,169.1,170.77,37266700
2023-05-16,169.69,170.75,169.42,169.61,42110300
2023-05-17,170.3,170.54,168.06,169.34,57951600
2023-05-18,172.63,172.82,170.19,170.61,65496700
2023-05-19,172.74,173.95,172.52,173.95,55809500
2023-05-22,171.79,172.29,171.05,171.57,43570900
2023-05-23,169.19,170.98,168.91,170.74,50747300
2023-05-24,169.46,170.04,168.16,168.72,45143500
2023-05-25,170.6,171.5,169.32,170.03,56058300
2023-05-26,173.0,173.34,170.72,170.92,54835000
2023-05-30,174.85,176.52,174.13,174.51,55964400
2023-05-31,174.8,176.87,174.32,174.88,99625300
2023-06-01,177.6,177.63,174.48,175.24,68901800
2023-06-02,178.45,179.27,176.78,178.53,61996900
2023-06-05,177.1,182.39,175.58,180.11,121946500
2023-06-06,176.73,177.63,174.98,177.48,64848400
2023-06-07,175.36,178.7,174.87,175.97,61944600
2023-06-08,178.07,178.34,175.01,175.44,50214900
2023-06-09,178.46,179.71,178.13,178.99,48900000
2023-06-12,181.25,181.35,178.47,178.76,54274900
2023-06-13,180.78,181.6,179.92,180.27,54929100
2023-06-14,181.41,181.84,179.5,180.83,57462900
2023-06-15,183.44,183.94,181.24,181.42,65433200
2023-06-16,182.36,184.4,181.72,184.15,101256200
2023-06-20,182.45,183.53,181.86,181.86,49799100
2023-06-21,181.42,182.85,180.07,182.34,49515700
2023-06-22,184.41,184.46,181.13,181.2,51245300
2023-06-23,184.1,184.97,182.45,182.98,53117000
2023-06-26,182.71,185.45,182.67,184.25,48088700
2023-06-27,185.46,185.79,183.1,183.32,50730800
2023-06-28,186.63,187.27,185.01,185.33,51216800
2023-06-29,186.97,187.44,186.33,186.47,46347300
2023-06-30,191.29,191.79,188.62,188.98,85213200
2023-07-03,189.8,191.2,189.11,191.1,31458200
2023-07-05,188.68,190.31,187.98,188.92,46920300
2023-07-06,189.16,189.37,186.58,187.22,45094300
2023-07-07,188.04,190.01,187.61,188.76,46815000
2023-07-10,186.0,187.36,184.45,186.64,59922200
2023-07-11,185.48,186.68,184.02,186.54,46638100
2023-07-12,187.15,189.05,185.86,187.06,60750200
2023-07-13,187.91,188.55,187.16,187.87,41342300
2023-07-14,188.05,188.54,187.01,187.6,41616200
2023-07-17,191.31,191.63,189.16,189.25,50520200
2023-07-18,191.05,191.64,189.76,190.68,48288200
2023-07-19,192.4,195.49,189.99,190.43,80507300
2023-07-20,190.46,193.75,189.84,192.39,59581200
2023-07-21,189.29,192.27,188.59,191.42,71951700
2023-07-24,190.09,192.22,189.59,190.74,45377800
2023-07-25,190.94,191.75,190.25,190.66,37283200
2023-07-26,191.81,192.94,190.65,190.99,47471900
2023-07-27,190.55,194.47,189.89,193.31,47460200
2023-07-28,193.12,193.91,191.46,191.98,48291400
2023-07-31,193.73,193.77,192.56,193.35,38824100
2023-08-01,192.91,194.01,192.58,193.53,35175100
2023-08-02,189.92,192.48,189.2,192.34,50389300
2023-08-03,188.53,189.71,188.05,188.92,61235200
2023-08-04,179.47,184.79,179.4,182.96,115956800
2023-08-07,176.38,180.6,174.9,179.61,97576100
2023-08-08,177.31,177.78,175.12,177.21,67823000
2023-08-09,175.73,178.43,174.56,178.37,60378500
2023-08-10,175.51,178.25,175.14,177.0,54686900
2023-08-11,175.57,176.39,174.34,175.1,52036700
2023-08-14,177.22,177.45,175.09,175.75,43675600
2023-08-15,175.23,177.24,174.84,176.65,43622600
2023-08-16,174.36,176.31,174.29,174.92,46964900
2023-08-17,171.83,175.29,171.31,174.93,66062900
2023-08-18,172.31,172.91,169.81,170.15,61172200
2023-08-21,173.64,173.93,171.57,172.88,46311900
2023-08-22,175.02,175.46,174.05,174.85,42038900
2023-08-23,178.86,179.28,176.1,176.29,52722800
2023-08-24,174.18,178.84,173.81,178.41,54945800
2023-08-25,176.38,176.91,173.62,175.16,51449600
2023-08-28,177.94,178.33,176.32,177.84,43820700
2023-08-29,181.82,182.59,177.26,177.45,53003900
2023-08-30,185.31,185.5,182.43,182.63,60813900
2023-08-31,185.52,186.76,185.14,185.49,60794500
2023-09-01,187.09,187.55,185.93,187.12,45766500
2023-09-05,187.33,187.61,185.27,185.93,45280000
2023-09-06,180.62,186.49,179.2,186.05,81755800
2023-09-07,175.34,175.98,171.37,172.99,112488800
2023-09-08,175.95,177.99,175.57,176.12,65551300
2023-09-11,177.12,178.05,175.12,177.82,58953100
2023-09-12,174.1,177.88,172.64,177.25,90370200
2023-09-13,172.03,175.08,171.81,174.3,84267900
2023-09-14,173.54,173.9,171.41,171.83,60895800
2023-09-15,172.82,174.29,171.65,174.28,109259500
2023-09-18,175.75,177.14,173.97,174.28,67257600
2023-09-19,176.83,177.39,174.92,175.3,51826900
2023-09-20,173.3,177.45,173.21,177.02,58436200
2023-09-21,171.76,174.1,171.69,172.37,63149100
2023-09-22,172.61,174.87,171.88,172.49,56725400
2023-09-25,173.88,174.76,171.97,172.02,46172700
2023-09-26,169.81,173.01,169.52,172.64,64588900
2023-09-27,168.3,170.88,166.94,170.46,66921800
2023-09-28,168.56,169.88,165.53,167.22,56294400
2023-09-29,169.07,170.91,168.21,169.87,51861100
2023-10-02,171.58,172.12,168.79,169.08,52164500
2023-10-03,170.25,171.46,168.69,170.11,49594600
2023-10-04,171.49,172.03,168.83,168.95,53020300
2023-10-05,172.72,173.26,170.52,171.62,48527900
2023-10-06,175.27,175.77,171.02,171.63,57266700
2023-10-09,176.75,176.81,173.6,174.6,42390800
2023-10-10,176.16,177.47,175.73,175.87,43698000
2023-10-11,177.55,177.6,175.38,175.97,47551100
2023-10-12,178.45,180.06,176.8,177.82,56743100
2023-10-13,176.62,179.66,175.91,179.15,51427100
2023-10-16,176.49,176.84,174.3,174.54,52517000
2023-10-17,174.94,176.19,172.62,174.44,57549400
2023-10-18,173.64,175.36,172.92,173.39,54764400
2023-10-19,173.27,175.62,173.0,173.84,59302900
2023-10-20,170.72,173.23,170.48,173.12,64244000
2023-10-23,170.84,171.84,167.81,168.77,55980100
2023-10-24,171.27,171.5,169.31,170.89,43816600
2023-10-25,168.96,170.9,168.52,169.73,57157000
2023-10-26,164.8,169.24,163.6,168.24,70625300
2023-10-27,166.12,166.85,164.75,164.82,58499100
2023-10-30,168.16,169.03,166.76,166.91,51131000
2023-10-31,168.64,168.76,165.8,167.23,44846000
2023-11-01,171.8,172.05,167.99,168.86,56934900
2023-11-02,175.35,175.56,173.27,173.33,77334800
2023-11-03,174.44,174.61,171.18,172.06,79829200
2023-11-06,176.99,177.19,174.01,174.18,63841300
2023-11-07,179.55,180.16,176.73,176.94,70530000
2023-11-08,180.61,181.16,179.32,180.07,49340300
2023-11-09,180.13,181.82,179.54,180.67,53763500
2023-11-10,184.31,184.48,181.48,181.91,66133400
2023-11-13,182.73,183.95,182.15,183.74,43627500
2023-11-14,185.34,186.0,184.21,185.6,60108400
2023-11-15,185.91,187.38,185.68,185.75,53790500
2023-11-16,187.59,188.82,186.54,187.45,54412900
2023-11-17,187.57,188.25,186.46,188.12,50922700
2023-11-20,189.31,189.76,187.75,187.76,46505100
2023-11-21,188.51,189.38,187.62,189.27,38134500
2023-11-22,189.17,190.77,188.69,189.35,39617700
2023-11-24,187.84,188.76,187.13,188.73,24048300
2023-11-27,187.67,188.54,186.79,187.79,40552600
2023-11-28,188.27,188.94,187.28,187.66,38415400
2023-11-29,187.25,189.94,186.85,188.76,43014200
2023-11-30,187.82,188.19,186.08,187.72,48794400
2023-12-01,189.1,189.42,187.11,188.2,45704800
2023-12-04,187.31,187.92,185.35,187.85,43389500
2023-12-05,191.26,192.22,188.05,188.08,66628400
2023-12-06,190.17,192.58,189.96,192.27,41089700
2023-12-07,192.1,192.82,191.42,191.46,47477700
2023-12-08,193.52,193.8,191.5,192.03,53406400
2023-12-11,191.02,191.32,189.28,190.95,60943700
2023-12-12,192.53,192.54,189.57,190.92,52696900
2023-12-13,195.74,195.78,192.67,192.91,70404200
2023-12-14,195.89,197.39,193.96,195.8,66831600
2023-12-15,195.36,196.18,194.8,195.32,128538400
2023-12-18,193.7,194.43,192.21,193.9,55751900
2023-12-19,194.74,194.75,193.7,193.96,40714100
2023-12-20,192.65,195.47,192.65,194.7,52242800
2023-12-21,192.5,194.87,191.33,193.91,46482500
2023-12-22,191.43,193.22,190.81,193.0,37149600
2023-12-26,190.89,191.72,190.67,191.44,28919300
2023-12-27,190.99,191.33,188.95,190.34,48087700
2023-12-28,191.41,192.48,191.01,191.97,34049900
2023-12-29,190.38,192.22,189.58,191.73,42672100
2024-01-02,183.56,186.33,181.83,185.06,82488700
2024-01-03,182.19,183.8,181.38,182.16,58414500
2024-01-04,179.87,181.04,178.86,180.11,71983600
2024-01-05,179.15,180.71,178.15,179.95,62379700
2024-01-08,183.48,183.52,179.47,180.05,59144500
2024-01-09,183.07,183.08,180.68,181.86,42841800
2024-01-10,184.11,184.31,181.86,182.29,46792900
2024-01-11,183.51,184.96,181.56,184.45,49128400
2024-01-12,183.84,184.65,183.12,183.98,40477800
2024-01-16,181.57,182.2,178.9,180.12,65603000
2024-01-17,180.64,180.88,178.28,179.24,47317400
2024-01-18,186.52,187.02,183.75,184.01,78005800
2024-01-19,189.42,189.8,186.71,187.21,68903000
2024-01-22,191.72,193.14,190.11,190.15,60133900
2024-01-23,193.0,193.56,191.66,192.84,42355600
2024-01-24,192.32,194.18,192.16,193.23,53631300
2024-01-25,192.0,194.07,190.95,193.03,54822100
2024-01-26,190.27,192.58,189.79,192.1,44594000
2024-01-29,189.58,190.05,187.46,189.86,47145600
2024-01-30,185.94,189.65,185.37,188.8,55859400
2024-01-31,182.34,185.01,182.29,184.95,55467800
2024-02-01,184.77,184.86,181.76,181.93,64885400
2024-02-02,183.77,185.23,177.24,177.85,102551700
2024-02-05,185.58,187.13,183.76,186.04,69668800
2024-02-06,187.18,187.19,184.68,184.77,43490800
2024-02-07,187.29,188.91,186.5,188.51,53439000
2024-02-08,186.21,187.42,185.25,187.27,40962000
2024-02-09,186.97,188.1,186.13,186.78,45155200
2024-02-12,185.29,186.8,184.93,186.55,41781900
2024-02-13,183.2,184.36,181.69,183.93,56529500
2024-02-14,182.32,183.69,180.63,183.48,54630500
2024-02-15,182.03,182.66,179.55,181.73,65434500
2024-02-16,180.5,183.01,179.87,181.6,49752500
2024-02-20,179.76,180.62,178.21,179.98,53665600
2024-02-21,180.51,181.07,178.87,180.13,41371400
2024-02-22,182.54,183.12,180.65,181.66,52292200
2024-02-23,180.71,183.2,180.42,183.17,45119700
2024-02-26,179.36,180.95,178.86,180.43,40867400
2024-02-27,180.82,182.09,177.78,179.3,54318900
2024-02-28,179.62,181.3,178.34,180.7,48953900
2024-02-29,178.95,180.76,177.75,179.47,136682600
2024-03-01,177.88,178.74,175.62,177.77,73563100
2024-03-04,173.36,175.14,172.06,174.4,81510100
2024-03-05,168.43,170.33,167.94,169.06,95132400
2024-03-06,167.44,169.54,167.0,169.36,68587700
2024-03-07,167.32,169.03,166.82,167.47,71765100
2024-03-08,169.03,171.97,167.26,167.32,76267000
2024-03-11,171.03,172.65,170.34,171.22,60139500
2024-03-12,171.51,172.3,169.31,171.43,59825400
2024-03-13,169.43,171.47,169.06,171.05,52488700
2024-03-14,171.28,172.58,170.34,171.19,72913500
2024-03-15,170.91,170.91,168.6,169.47,121752700
2024-03-18,171.99,175.95,171.8,173.83,75604200
2024-03-19,174.33,174.86,171.31,172.61,55215200
2024-03-20,176.9,176.9,173.35,173.97,53423100
2024-03-21,169.67,175.73,169.14,175.29,106181300
2024-03-22,170.57,171.33,168.37,170.05,71160100
2024-03-25,169.15,170.23,167.77,168.88,54288300
2024-03-26,168.02,169.72,167.9,168.31,57388400
2024-03-27,171.59,171.88,168.42,168.72,60273300
2024-03-28,169.78,170.52,168.82,170.04,65672700
2024-04-01,168.34,169.55,167.8,169.49,46240500
2024-04-02,167.16,167.66,166.56,167.4,49329500
2024-04-03,167.97,168.98,166.91,167.11,47691700
2024-04-04,167.14,170.21,167.14,168.6,53704400
2024-04-05,167.9,168.7,167.27,167.91,42104800
2024-04-08,166.78,167.52,166.57,167.35,37425500
2024-04-09,167.99,168.39,166.68,167.02,42373800
2024-04-10,166.11,167.41,165.45,167.12,49709300
2024-04-11,173.3,173.72,166.49,166.67,91070300
2024-04-12,174.8,176.59,172.48,172.53,101670900
2024-04-15,170.98,174.88,170.79,173.62,73531800
2024-04-16,167.7,172.03,166.6,170.04,73711200
2024-04-17,166.33,168.96,166.33,167.93,50901200
2024-04-18,165.38,166.97,164.9,166.36,43122900
2024-04-19,163.36,164.75,162.45,164.56,68149400
2024-04-22,164.19,165.6,163.13,163.88,48116400
2024-04-23,165.24,165.39,163.28,163.71,49537800
2024-04-24,167.34,167.62,164.56,164.89,48251800
2024-04-25,168.2,168.92,166.48,167.85,50558300
2024-04-26,167.62,169.64,167.5,168.19,44838400
2024-04-29,171.78,174.28,171.38,171.65,68169400
2024-04-30,168.64,173.25,168.31,171.61,65934800
2024-05-01,167.62,170.99,167.43,167.9,50383100
2024-05-02,171.31,171.7,169.19,170.8,94214900
2024-05-03,181.56,185.14,180.85,184.8,163224100
2024-05-06,179.91,182.37,178.63,180.54,78569700
2024-05-07,180.59,183.06,179.52,181.63,77305800
2024-05-08,180.93,181.25,179.65,181.03,45057100
2024-05-09,182.74,182.83,180.3,180.75,48983000
2024-05-10,181.48,183.5,180.57,183.31,50759500
2024-05-13,184.68,185.49,183.03,183.85,72044800
2024-05-14,185.82,186.68,184.69,185.9,52393600
2024-05-15,188.09,189.01,185.76,186.3,70400000
2024-05-16,188.21,189.46,188.03,188.83,52845200
2024-05-17,188.24,189.17,187.56,187.88,41282900
2024-05-20,189.4,190.27,187.39,187.7,44361300
2024-05-21,190.7,191.07,189.28,189.45,42309400
2024-05-22,189.26,191.16,188.64,190.62,34648500
2024-05-23,185.28,189.36,185.03,189.34,51005900
2024-05-24,188.35,188.94,186.43,187.2,36327000
2024-05-28,188.36,191.34,187.48,189.87,52280100
2024-05-29,188.66,190.6,187.88,187.98,53068000
2024-05-30,189.65,190.53,188.99,189.12,49889100
2024-05-31,190.6,190.92,188.28,189.8,75158300
2024-06-03,192.36,193.32,190.87,191.24,50080500
2024-06-04,192.68,193.64,191.37,192.97,47471400
2024-06-05,194.19,195.21,193.2,193.72,54156800
2024-06-06,192.81,194.81,192.5,194.01,41181800
2024-06-07,195.2,195.25,192.47,192.98,53103900
2024-06-10,191.46,195.61,190.5,195.21,97010200
2024-06-11,205.37,205.38,191.97,191.99,172373300
2024-06-12,211.24,218.31,205.12,205.59,198134300
2024-06-13,212.4,214.89,209.78,212.9,97862700
2024-06-14,210.67,213.32,209.49,212.01,70122700
2024-06-17,214.81,217.07,210.89,211.54,93728300
2024-06-18,212.45,216.75,211.17,215.72,79943300
2024-06-20,207.88,212.4,207.06,212.09,86172500
2024-06-21,205.71,210.07,205.33,208.58,241805100
2024-06-24,206.35,210.87,204.82,205.94,80727000
2024-06-25,207.27,209.56,206.82,207.35,55549700
2024-06-26,211.42,213.01,208.83,209.68,66213200
2024-06-27,212.26,213.89,210.53,212.85,49772700
2024-06-28,208.81,214.21,208.49,213.92,82542700
2024-07-01,214.89,215.64,210.1,210.27,60402900
2024-07-02,218.38,218.49,213.25,214.29,58046200
2024-07-03,219.65,219.65,217.15,218.11,37369800
2024-07-05,224.4,224.51,219.75,219.75,60412400
2024-07-08,225.86,225.89,221.33,225.14,59085900
2024-07-09,226.72,227.43,224.43,225.97,48076100
2024-07-10,230.98,231.08,227.28,227.33,62627700
2024-07-11,225.62,230.39,223.83,229.4,64710600
2024-07-12,228.56,230.64,226.72,226.95,53046500
2024-07-15,232.39,235.19,231.09,234.45,62631300
2024-07-16,232.8,234.24,230.33,232.98,43234300
2024-07-17,226.91,229.47,224.69,227.48,57345900
2024-07-18,222.25,228.46,220.36,228.3,66034600
2024-07-19,222.38,224.85,221.36,222.89,49151500
2024-07-22,222.04,225.82,221.17,225.06,48201800
2024-07-23,223.08,224.99,220.77,222.44,39960300
2024-07-24,216.66,222.87,215.27,222.08,61777600
2024-07-25,215.62,218.95,212.78,217.05,51391200
2024-07-26,216.09,217.61,214.15,216.82,41601300
2024-07-29,216.37,217.42,213.9,215.1,36311800
2024-07-30,216.92,218.44,214.26,217.31,41643800
2024-07-31,220.17,221.9,218.74,219.54,50036300
2024-08-01,216.48,222.55,215.16,222.44,62501000
2024-08-02,217.97,223.66,215.84,217.27,105568600
2024-08-05,207.47,211.67,194.32,197.38,119548600
2024-08-06,205.45,208.19,199.34,203.54,69660500
2024-08-07,208.02,211.81,204.62,205.12,63516400
2024-08-08,211.48,212.36,207.04,211.28,47161100
2024-08-09,214.38,214.92,210.15,210.28,42201600
2024-08-12,215.91,217.88,214.0,214.46,38028100
2024-08-13,219.62,220.24,217.38,217.38,44155300
2024-08-14,220.07,221.37,218.07,218.93,41960600
2024-08-15,223.05,223.67,221.1,222.93,46414000
2024-08-16,224.37,225.14,221.99,222.25,44340200
2024-08-19,224.21,224.31,221.38,224.04,40687800
2024-08-20,224.82,225.48,223.77,224.09,30299000
2024-08-21,224.72,226.28,223.38,224.83,34765500
2024-08-22,222.86,226.64,222.23,226.1,43695300
2024-08-23,225.15,226.52,222.66,223.98,38677300
2024-08-26,225.49,225.59,222.22,225.07,30602200
2024-08-27,226.33,227.15,223.22,224.32,35934600
2024-08-28,224.8,228.15,224.0,226.22,38052200
2024-08-29,228.08,231.19,227.18,228.39,51906300
2024-08-30,227.3,228.69,225.79,228.48,52990800
2024-09-03,221.11,227.3,219.52,226.85,50190600
2024-09-04,219.21,220.13,215.86,220.01,43840200
2024-09-05,220.73,223.8,219.87,219.98,36615400
2024-09-06,219.18,223.56,218.13,222.28,48423000
2024-09-09,219.27,219.62,215.1,219.18,67180000
2024-09-10,218.47,219.83,215.12,217.29,51591000
2024-09-11,221.0,221.43,216.27,219.81,44587100
2024-09-12,221.11,221.89,218.18,220.84,37455600
2024-09-13,220.84,222.37,220.26,221.92,36766600
2024-09-16,214.71,215.6,212.33,214.93,59357400
2024-09-17,215.18,215.29,212.9,214.14,45519300
2024-09-18,219.05,221.05,215.92,215.93,59894900
2024-09-19,227.17,228.11,222.96,223.32,66781300
2024-09-20,226.5,231.36,225.93,228.26,318679900
2024-09-23,224.78,227.74,224.13,225.65,54146000
2024-09-24,225.68,227.64,224.05,226.95,43556100
2024-09-25,224.69,225.6,222.35,223.26,42308700
2024-09-26,225.83,226.8,223.73,225.61,36636700
2024-09-27,226.1,227.81,225.61,226.76,34026000
2024-09-30,231.27,231.27,227.94,228.33,54541900
2024-10-01,224.53,227.94,222.08,227.81,63285000
2024-10-02,225.09,225.68,221.36,224.21,32880600
2024-10-03,223.99,225.12,221.66,223.46,34044200
2024-10-04,225.11,226.3,222.46,226.2,37245100
2024-10-07,220.04,224.01,219.68,222.83,39505400
2024-10-08,224.09,224.3,221.59,222.63,31855700
2024-10-09,227.83,228.04,223.16,223.55,33591100
2024-10-10,227.34,227.79,225.48,226.09,28183500
2024-10-11,225.86,227.7,225.65,227.59,31759200
2024-10-14,229.58,230.01,226.9,227.0,39882100
2024-10-15,232.11,235.72,230.64,231.87,64751400
2024-10-16,230.06,230.39,228.13,229.88,34082200
2024-10-17,230.42,232.11,228.8,231.69,32993800
2024-10-18,233.25,234.42,232.27,234.42,46431500
2024-10-21,234.72,235.09,232.71,232.71,36254500
2024-10-22,234.11,234.46,230.87,232.15,38846600
2024-10-23,229.04,233.39,226.07,232.34,52287000
2024-10-24,228.85,229.1,226.71,228.27,31109500
2024-10-25,229.69,231.48,227.86,228.03,38802300
2024-10-28,231.66,232.98,230.82,231.58,36087100
2024-10-29,231.93,232.59,230.59,231.37,35417200
2024-10-30,228.39,231.73,227.84,230.88,47070900
2024-10-31,224.23,228.12,223.69,227.63,64370100
2024-11-01,221.25,223.67,218.63,219.33,65276700
2024-11-04,220.36,221.13,218.08,219.35,44944500
2024-11-05,221.79,222.28,219.49,220.15,28111300
2024-11-06,221.06,224.39,219.54,220.95,54561100
2024-11-07,225.79,226.18,222.9,222.96,42137700
2024-11-08,225.52,227.21,224.97,225.73,38328800
2024-11-11,222.81,224.27,220.09,223.57,42005600
2024-11-12,222.81,224.16,221.94,223.12,40398300
2024-11-13,223.69,225.21,221.35,222.59,48566200
2024-11-14,226.77,227.42,223.57,223.59,44923900
2024-11-15,223.57,225.48,222.85,224.96,47923700
2024-11-18,226.57,228.28,223.74,223.82,44633700
2024-11-19,226.83,228.7,225.22,225.54,36211800
2024-11-20,227.55,228.47,224.46,226.61,35169600
2024-11-21,227.07,228.7,224.28,227.43,42108300
2024-11-22,228.41,229.26,226.61,226.61,38168300
2024-11-25,231.39,231.77,228.28,229.99,90152800
2024-11-26,233.57,234.07,231.85,231.85,45986200
2024-11-27,233.44,234.19,232.33,232.98,33498400
2024-11-29,235.82,236.3,232.48,233.32,28481400
2024-12-02,238.07,239.26,235.65,235.76,48137100
2024-12-03,241.11,241.22,237.38,238.29,38861000
2024-12-04,241.47,242.56,239.72,241.33,44383900
2024-12-05,241.5,242.99,240.59,242.44,40033900
2024-12-06,241.3,243.08,240.54,241.37,36870600
2024-12-09,245.18,245.67,240.22,240.29,44649200
2024-12-10,246.2,246.63,243.78,245.32,36914800
2024-12-11,244.93,249.21,244.7,246.39,45205800
2024-12-12,246.39,247.16,244.12,245.32,32777500
2024-12-13,246.55,247.71,244.68,246.25,33155300
2024-12-16,249.45,249.78,246.08,246.42,51694800
2024-12-17,251.87,252.22,248.19,248.49,51356400
2024-12-18,246.48,252.67,246.17,250.56,56774100
2024-12-19,248.2,250.4,245.52,245.93,60882300
2024-12-20,252.87,253.38,244.13,246.47,147495300
2024-12-23,253.65,254.03,251.84,253.15,40858800
2024-12-24,256.56,256.57,253.67,253.87,23234700
2024-12-26,257.38,258.45,255.99,256.55,27237100
2024-12-27,253.97,257.06,251.45,256.19,42355300
2024-12-30,250.6,251.89,249.16,250.63,35557500
2024-12-31,248.83,251.67,247.85,250.84,39480700
2025-01-02,242.3,247.52,240.28,247.35,55740700
2025-01-03,241.82,242.63,240.35,241.82,40244100
2025-01-06,243.44,245.76,241.66,242.76,45045600
2025-01-07,240.67,243.99,239.82,241.44,40856000
2025-01-08,241.16,242.16,238.53,240.38,37628900
2025-01-10,235.35,238.64,231.52,238.49,61710900
2025-01-13,232.91,233.18,228.26,232.05,49630700
2025-01-14,231.8,234.62,230.99,233.26,39435300
2025-01-15,236.36,237.44,232.94,233.15,39832000
2025-01-16,226.81,236.5,226.58,235.84,71759100
2025-01-17,228.52,230.82,227.03,230.65,68488300
2025-01-21,221.23,223.0,217.99,222.58,98070400
2025-01-22,222.41,222.7,218.39,218.39,64126500
2025-01-23,222.24,225.59,220.89,223.31,60234800
2025-01-24,221.37,224.2,220.0,223.35,54697900
2025-01-27,228.4,230.68,222.56,222.6,94863400
2025-01-28,236.75,238.67,229.34,229.38,75707600
2025-01-29,237.84,238.34,232.52,232.63,45486100
2025-01-30,236.08,239.26,235.7,237.15,55658300
2025-01-31,234.5,245.62,231.96,245.62,100959800
2025-02-03,226.56,230.36,224.27,228.53,73063300
2025-02-04,231.32,231.65,225.21,225.81,45067300
2025-02-05,230.99,231.19,226.82,227.08,39620300
2025-02-06,231.74,232.32,228.97,229.82,29925300
2025-02-07,226.18,232.51,225.82,231.12,39707200
2025-02-10,226.45,229.38,226.01,228.36,33115600
2025-02-11,231.4,233.99,226.93,227.0,53718400
2025-02-12,235.63,235.71,229.47,229.98,45243300
2025-02-13,240.26,241.07,234.33,235.66,53614100
2025-02-14,243.31,244.26,239.72,239.98,40896200
2025-02-18,243.19,243.89,240.57,242.87,48822500
2025-02-19,243.58,244.72,241.88,243.37,32204200
2025-02-20,244.54,245.48,243.01,243.65,32316900
2025-02-21,244.26,247.38,243.93,244.66,53197400
2025-02-24,245.8,247.55,243.14,243.64,51326400
2025-02-25,245.74,248.69,243.62,246.7,48013300
2025-02-26,239.1,243.69,237.87,243.05,44433600
2025-02-27,236.05,241.19,235.81,238.15,41153600
2025-02-28,240.57,240.82,228.99,235.7,56833400
2025-03-03,236.78,242.75,234.87,240.52,47184000
2025-03-04,234.69,238.81,233.45,236.46,53798100
2025-03-05,234.5,235.31,228.03,234.18,47227600
2025-03-06,234.09,236.61,231.93,233.21,45170400
2025-03-07,237.81,240.1,233.53,233.87,46273600
2025-03-10,226.28,234.92,223.04,234.3,72071200
2025-03-11,219.68,224.65,216.31,222.63,76137400
2025-03-12,215.84,220.58,213.78,218.98,62547500
2025-03-13,208.58,215.7,207.32,214.81,61368300
2025-03-14,212.37,212.83,208.48,210.14,60107600
2025-03-17,212.88,214.09,208.87,212.19,48073400
2025-03-18,211.57,214.02,210.38,213.03,42432400
2025-03-19,214.11,217.61,212.63,213.09,54385400
2025-03-20,212.97,216.35,211.1,212.87,48862900
2025-03-21,217.12,217.69,210.17,210.45,94127800
2025-03-24,219.57,220.32,217.43,219.84,44299500
2025-03-25,222.57,222.92,218.92,219.61,34493600
2025-03-26,220.37,223.84,219.31,222.34,34466100
2025-03-27,222.67,223.81,219.4,220.23,37094800
2025-03-28,216.75,222.63,216.54,220.5,39818600
2025-03-31,220.96,224.43,215.09,215.87,65299300
2025-04-01,222.02,222.5,217.75,218.65,36412700
2025-04-02,222.71,224.01,219.86,220.16,35905900
2025-04-03,202.12,206.4,200.19,204.46,103419000
2025-04-04,187.39,198.83,186.36,192.87,125910900
2025-04-07,180.51,193.13,173.7,176.27,160466300
2025-04-08,171.51,189.34,168.32,185.72,120859500
2025-04-09,197.8,199.56,170.99,171.05,184395900
2025-04-10,189.42,193.76,182.04,188.08,121880000
2025-04-11,197.11,198.49,185.08,185.12,87435900
2025-04-14,201.46,211.82,200.1,210.33,101352900
2025-04-15,201.08,202.44,198.75,200.8,51343900
2025-04-16,193.25,199.65,191.36,197.32,59732400
2025-04-17,195.94,197.78,193.4,196.16,52164700
2025-04-21,192.14,192.78,188.81,192.25,46742500
2025-04-22,198.69,200.53,194.94,195.09,52976400
2025-04-23,203.52,206.91,201.73,204.92,52929200
2025-04-24,207.27,207.73,201.87,203.81,47311000
2025-04-25,208.18,208.65,205.12,205.29,38222300
2025-04-28,209.04,210.39,206.37,208.9,38743100
2025-04-29,210.1,211.12,207.27,207.59,36827600
2025-04-30,211.38,212.46,205.58,208.2,52286500
2025-05-01,212.2,213.43,207.8,207.98,57365700
2025-05-02,204.27,205.9,201.1,205.01,101010600
2025-05-05,197.84,203.03,197.17,202.03,69018500
2025-05-06,197.47,199.6,195.98,197.17,51216500
2025-05-07,195.22,198.39,192.23,198.12,68536700
2025-05-08,196.45,199.0,193.66,196.68,50478900
2025-05-09,197.49,199.49,196.5,197.95,36453900
2025-05-12,209.96,210.44,205.93,210.14,63775800
2025-05-13,212.09,212.56,208.17,209.6,51909300
2025-05-14,211.49,213.09,209.75,211.59,49325800
2025-05-15,210.61,212.12,208.71,210.12,45029500
2025-05-16,210.43,211.73,208.94,211.52,54737900
2025-05-19,207.96,208.65,203.45,207.09,46140500
2025-05-20,206.04,207.65,204.22,206.85,42496600
2025-05-21,201.29,206.22,199.92,204.36,59211800
2025-05-22,200.56,201.95,198.91,199.92,46742400
2025-05-23,194.5,196.92,192.7,192.9,78432900
2025-05-27,199.42,199.95,196.65,197.52,56288500
2025-05-28,199.63,201.93,199.11,199.8,45339700
2025-05-29,199.16,203.0,197.73,202.78,51396800
2025-05-30,200.06,201.16,196.0,198.58,70819900
2025-06-02,200.9,201.33,199.33,199.49,35423300
2025-06-03,202.47,202.96,200.17,200.55,46381600
2025-06-04,202.02,205.43,201.3,202.11,43604000
2025-06-05,199.84,203.94,199.36,202.7,55126100
2025-06-06,203.11,204.89,201.25,202.2,46607700
2025-06-09,200.65,205.19,199.23,203.58,72862600
2025-06-10,201.87,203.54,199.78,199.81,54672600
2025-06-11,197.99,203.69,197.63,202.7,60989900
2025-06-12,198.41,198.89,196.58,198.29,43904600
2025-06-13,195.67,199.58,194.93,198.94,51447300
2025-06-16,197.64,197.9,195.78,196.52,43020700
2025-06-17,194.87,197.61,194.44,196.42,38856200
2025-06-18,195.8,196.79,194.3,195.17,45394700
2025-06-20,200.21,200.9,196.08,197.46,96813500
2025-06-23,200.7,201.5,198.17,200.83,55814300
2025-06-24,199.51,202.64,199.41,201.79,54064000
2025-06-25,200.76,202.87,199.83,200.65,39525700
2025-06-26,200.21,201.84,198.67,200.63,50799100
2025-06-27,200.29,202.42,199.21,201.09,73188600
2025-06-30,204.36,206.57,198.47,201.21,91912800
2025-07-01,207.0,209.36,205.33,205.85,78788900
2025-07-02,211.6,212.5,207.32,208.08,67941800
2025-07-03,212.71,213.8,210.97,211.31,34955800
2025-07-07,209.12,215.38,207.97,211.84,50229000
2025-07-08,209.18,210.59,207.63,209.27,42848900
2025-07-09,210.31,210.49,206.4,208.7,48749400
2025-07-10,211.57,212.64,209.2,209.68,44443600
2025-07-11,210.33,211.29,209.03,209.74,39765800
2025-07-14,207.8,210.08,206.72,209.1,38840100
2025-07-15,208.28,211.05,208.09,208.39,42296300
2025-07-16,209.33,211.56,207.82,209.47,47490500
2025-07-17,209.19,210.96,208.76,209.74,48068100
2025-07-18,210.35,210.95,208.87,210.04,48974600
2025-07-21,211.64,214.93,210.79,211.26,51377400
2025-07-22,213.55,214.1,211.39,212.3,46404100
2025-07-23,213.3,214.3,211.57,214.15,46989300
2025-07-24,212.92,214.84,212.69,213.05,46022600
2025-07-25,213.03,214.39,212.56,213.85,40268800
2025-07-28,213.2,214.0,212.22,213.18,37858000
2025-07-29,210.44,213.96,209.99,213.33,51411700
2025-07-30,208.22,211.55,206.9,211.06,45512500
2025-07-31,206.75,209.01,206.34,207.67,80698400
2025-08-01,201.58,212.74,200.7,210.04,104434500
2025-08-04,202.55,207.06,200.88,203.7,75109300
2025-08-05,202.12,204.53,201.36,202.6,44155100
2025-08-06,212.41,214.53,204.78,204.82,108483100
2025-08-07,219.16,219.98,215.72,218.02,90224800
2025-08-08,228.44,230.09,218.38,219.96,113854000
2025-08-11,226.54,228.91,224.13,227.28,61806100
2025-08-12,229.0,230.15,226.43,227.37,55626200
2025-08-13,232.67,234.34,229.78,230.42,69878500
2025-08-14,232.12,234.46,230.2,233.4,51916300
2025-08-15,230.94,233.62,228.69,233.34,56038700
2025-08-18,230.24,232.46,229.46,231.05,37476200
2025-08-19,229.91,232.21,228.7,230.63,39402600
2025-08-20,225.37,229.82,225.13,229.33,42263900
2025-08-21,224.27,225.88,223.15,225.63,30621200
2025-08-22,227.12,228.44,224.77,225.53,42477800
2025-08-25,226.52,228.65,225.59,225.84,30983100
2025-08-26,228.66,228.84,224.06,226.23,54575100
2025-08-27,229.84,230.25,227.62,227.97,31259500
2025-08-28,231.9,232.75,228.69,230.17,38074700
2025-08-29,231.49,232.72,230.72,231.85,39418400
2025-09-02,229.07,230.2,226.33,228.6,44075600
2025-09-03,237.8,238.18,233.7,236.54,66427800
2025-09-04,239.1,239.22,236.07,237.78,47549400
2025-09-05,239.01,240.64,237.82,239.32,54870400
2025-09-08,237.21,239.47,235.67,238.62,48999500
2025-09-09,233.69,238.11,232.7,236.33,66313900
2025-09-10,226.15,231.76,225.31,231.53,83440800
2025-09-11,229.38,229.8,226.01,226.24,50208600
2025-09-12,233.41,233.85,228.37,228.57,55824200
2025-09-15,236.03,237.52,234.37,236.33,42699500
2025-09-16,237.48,240.54,235.65,236.51,63421100
2025-09-17,238.32,239.42,237.06,238.3,46508000
2025-09-18,237.21,240.52,235.98,239.29,44249600
2025-09-19,244.81,245.61,239.53,240.55,163741300
2025-09-22,255.36,255.92,247.42,247.6,105517400
2025-09-23,253.71,256.61,252.86,255.16,60275200
2025-09-24,251.6,255.02,250.33,254.5,42303700
2025-09-25,256.15,256.44,251.0,252.5,55202100
2025-09-26,254.74,256.87,253.06,253.38,46076300
2025-09-29,253.71,254.28,252.3,253.84,40127700
2025-09-30,253.91,255.2,252.4,254.14,37704300
2025-10-01,254.73,258.06,254.21,254.32,48713900
2025-10-02,256.4,257.45,253.43,255.86,42630200
2025-10-03,257.29,258.51,253.23,253.95,49155600
2025-10-06,255.97,258.34,254.33,257.26,44664100
2025-10-07,255.76,256.67,254.71,256.09,31955800
2025-10-08,257.33,257.79,255.39,255.8,36496900
2025-10-09,253.32,257.27,252.43,257.08,38322000
2025-10-10,244.58,255.66,243.31,254.22,61999100
2025-10-13,246.96,248.99,244.87,248.68,38142900
2025-10-14,247.07,248.15,244.01,245.9,35478000
2025-10-15,248.64,251.11,246.77,248.79,33893600
2025-10-16,246.75,248.34,244.44,247.55,39777000
2025-10-17,251.58,252.67,246.57,247.32,49147000
2025-10-20,261.5,263.63,254.91,255.17,90483000
2025-10-21,262.03,264.54,261.09,261.14,46695900
2025-10-22,257.72,262.11,254.71,261.91,45015300
2025-10-23,258.85,259.88,257.28,259.21,32754900
2025-10-24,262.08,263.38,258.45,260.45,38253700
2025-10-27,268.05,268.36,263.9,264.13,44888200
2025-10-28,268.24,269.13,267.39,268.23,41534800
2025-10-29,268.94,270.64,266.36,268.52,51086700
2025-10-30,270.63,273.37,267.72,271.22,69886500
2025-10-31,269.61,276.54,268.4,276.21,86167100
2025-11-03,268.29,270.09,265.5,269.66,50194600
2025-11-04,269.28,270.72,266.87,267.57,49274800
2025-11-05,269.38,270.93,266.18,267.85,43683100
2025-11-06,269.01,272.63,267.13,267.13,51204000
2025-11-07,267.71,271.52,266.02,269.04,48227400
2025-11-10,268.93,273.22,266.96,268.46,41312400
2025-11-11,274.74,275.4,269.3,269.31,46208300
2025-11-12,272.96,275.22,271.2,274.49,48398000
2025-11-13,272.44,276.19,271.59,273.6,49602800
2025-11-14,271.9,275.45,269.1,270.55,47431300
2025-11-17,266.96,269.99,265.24,268.32,45018300
2025-11-18,266.94,270.21,264.83,269.49,45677300
2025-11-19,268.06,271.71,265.01,265.04,40424500
2025-11-20,265.76,274.92,265.43,270.33,45823600
2025-11-21,270.99,272.82,265.18,265.46,59030800
2025-11-24,275.41,276.49,270.4,270.4,65585800
2025-11-25,276.46,279.86,274.74,274.76,46914200
2025-11-26,277.04,279.01,276.12,276.45,33431400
2025-11-28,278.33,278.48,275.48,276.75,20135600
2025-12-01,282.58,282.89,275.63,277.49,46587700
2025-12-02,285.66,286.87,282.11,282.48,53669500
2025-12-03,283.62,288.08,282.77,285.67,43538700
2025-12-04,280.18,284.2,278.07,283.57,43989100
2025-12-05,278.26,280.62,277.53,280.02,47265800
2025-12-08,277.37,279.15,275.64,277.61,38211800
2025-12-09,276.67,279.51,276.41,277.64,32193300
2025-12-10,278.26,279.23,275.93,277.23,33038300
2025-12-11,277.51,279.07,273.3,278.58,33248000
2025-12-12,277.76,278.7,276.31,277.38,39532900
2025-12-15,273.6,279.63,272.33,279.63,50409100
2025-12-16,274.1,274.99,271.29,272.31,37648600
2025-12-17,271.34,275.65,271.14,274.5,50138700
2025-12-18,271.69,273.12,266.45,273.1,51630700
2025-12-19,273.16,274.09,269.4,271.65,144632000
2025-12-22,270.47,273.37,270.01,272.35,36571800
2025-12-23,271.85,271.99,269.06,270.34,29642000
2025-12-24,273.3,274.92,271.7,271.83,17910600
2025-12-26,272.89,274.86,272.35,273.65,21521800
2025-12-29,273.25,273.85,271.84,272.18,23715200
2025-12-30,272.57,273.57,271.78,272.3,22139600
2025-12-31,271.36,273.17,271.25,272.55,27293600
2026-01-02,270.51,277.32,268.5,271.76,37838100
2026-01-05,266.76,271.01,265.65,270.14,45647200
2026-01-06,261.87,267.05,261.63,266.5,52352100
2026-01-07,259.85,263.19,259.33,262.71,48309800
2026-01-08,258.56,258.81,255.23,256.54,50419300
2026-01-09,258.89,259.73,255.74,258.6,39997000
2026-01-12,259.77,260.82,256.32,258.68,45263800
2026-01-13,260.57,261.32,257.91,258.24,45730800
2026-01-14,259.48,261.33,256.23,259.01,40019400
2026-01-15,257.73,260.56,256.57,260.17,39388600
2026-01-16,255.06,258.42,254.46,257.42,72142800
2026-01-20,246.24,254.32,242.97,252.26,80267500
2026-01-21,247.19,251.09,244.73,248.24,54641700
2026-01-22,247.89,250.53,247.69,248.74,39708300
2026-01-23,247.58,248.95,244.23,246.86,41689000
2026-01-26,254.94,256.08,249.34,251.01,55969200
2026-01-27,257.79,261.46,257.73,258.69,49648300
2026-01-28,255.96,258.38,254.04,257.17,41288000
2026-01-29,257.8,259.17,253.94,257.52,67253000
2026-01-30,259.0,261.41,251.71,254.7,92443400
2026-02-02,269.51,269.99,258.73,259.55,73913400
2026-02-03,268.98,271.38,267.11,268.7,64394700
2026-02-04,275.98,278.43,271.79,271.79,90545700
2026-02-05,275.4,278.98,272.72,277.61,52977400
2026-02-06,277.6,280.39,276.42,276.61,50453400
2026-02-09,274.37,277.94,271.45,277.65,44623400
2026-02-10,273.43,275.12,272.69,274.64,34376900
2026-02-11,275.25,279.92,274.2,274.45,51931300
2026-02-12,261.49,275.47,259.94,275.34,81077200
2026-02-13,255.54,261.99,255.21,261.77,56290700
2026-02-17,263.64,266.04,255.3,257.81,58469100
2026-02-18,264.11,266.57,262.21,263.36,34203300
2026-02-19,260.34,264.24,259.81,262.36,30845300
2026-02-20,264.34,264.51,257.92,258.73,42070500
2026-02-23,265.93,269.18,263.14,263.25,37308200
2026-02-24,271.89,274.64,267.46,267.61,47014600
2026-02-25,273.98,274.69,270.8,271.53,33714300
2026-02-26,272.7,275.86,270.55,274.7,32345100
2026-02-27,263.94,272.56,262.65,272.56,72366500
2026-03-02,264.48,266.28,259.96,262.17,41827900
2026-03-03,263.51,265.32,259.89,263.24,38568900
2026-03-04,262.28,265.91,261.18,264.41,39803100
2026-03-05,260.05,261.32,257.01,260.55,49658600
2026-03-06,257.22,258.53,254.14,258.39,41120000
2026-03-09,259.64,260.91,253.45,255.45,38218500
2026-03-10,260.59,262.24,256.71,257.41,30590800
2026-03-11,260.57,261.89,259.31,260.85,26218900
2026-03-12,255.52,258.71,253.95,258.42,40794000
2026-03-13,249.89,256.09,249.29,255.24,36930000
2026-03-16,252.59,253.66,249.65,251.88,32074200
2026-03-17,254.0,254.9,251.95,252.73,32361600
2026-03-18,249.71,254.71,248.77,252.4,35757900
2026-03-19,248.73,251.6,247.07,249.17,34864100
2026-03-20,247.76,248.97,245.77,247.75,88331100
2026-03-23,251.26,254.37,250.05,253.74,40546100
2026-03-24,251.41,254.6,249.32,250.12,45152300
2026-03-25,252.39,254.77,251.37,253.87,28476700
2026-03-26,252.66,256.76,250.54,251.89,41796700
2026-03-27,248.57,255.25,247.84,253.67,47900000
2026-03-30,246.4,250.64,245.28,249.84,39446200
2026-03-31,253.56,255.24,246.87,247.68,49598100
2026-04-01,255.39,255.94,253.1,253.85,40059400
2026-04-02,255.68,255.89,250.42,253.97,31289400
2026-04-06,258.62,261.92,256.22,256.27,29329900
2026-04-07,253.27,255.96,245.47,255.92,62148000
2026-04-08,258.66,259.51,256.29,258.21,41032800
2026-04-09,260.25,260.88,255.83,258.76,28121600
2026-04-10,260.24,261.95,258.78,259.74,31291500
2026-04-13,258.96,259.94,256.42,259.49,36234700
2026-04-14,258.59,261.69,256.95,259.01,48370700
2026-04-15,266.18,266.31,257.57,257.92,49913500
2026-04-16,263.16,266.91,261.03,266.55,43323100
2026-04-17,269.98,272.05,266.47,266.71,61436200
2026-04-20,272.8,274.03,270.04,270.08,36590200
2026-04-21,265.93,272.55,265.16,271.25,50209800
2026-04-22,272.92,273.49,266.62,267.57,43249200
2026-04-23,273.18,275.52,271.4,274.8,33399600
2026-04-24,270.81,272.81,269.4,272.51,38157100
2026-04-27,267.36,268.11,264.83,265.85,41466800
2026-04-28,270.46,272.98,268.41,272.09,40018900
2026-04-29,269.92,270.79,266.79,267.3,30047900
2026-04-30,271.1,275.75,267.89,270.25,91848200
2026-05-01,279.88,286.96,278.11,278.6,79915400
2026-05-04,276.58,280.37,274.61,279.4,46668400
2026-05-05,283.92,284.31,276.25,276.68,49311700
2026-05-06,287.25,287.76,280.81,281.66,58336100
2026-05-07,287.18,291.86,285.52,289.0,45224300
2026-05-08,293.05,294.49,289.73,289.74,52692800
2026-05-11,292.68,293.88,290.23,291.98,42247300
2026-05-12,294.8,295.27,292.56,292.56,45748100
2026-05-13,298.87,300.92,293.5,293.5,52684300
2026-05-14,298.21,300.45,295.38,299.82,35324900
2026-05-15,300.23,303.2,296.52,297.9,54862800
2026-05-18,297.84,300.66,294.91,300.24,34483000
2026-05-19,298.97,300.51,296.35,296.97,42243600
2026-05-20,302.25,302.8,298.08,298.18,38229800
2026-05-21,304.99,305.54,300.4,301.06,42965100
2026-05-22,308.82,311.4,305.84,306.12,43670200
2026-05-26,308.33,311.82,307.67,309.56,48000500
2026-05-27,310.85,313.26,308.3,308.33,50430900
2026-05-28,312.51,312.8,309.57,310.68,48220400
2026-05-29,312.06,315.0,309.53,311.78,70026800
2026-06-01,306.31,310.94,305.02,309.63,48849900
2026-06-02,315.2,315.45,306.69,307.46,44534700
2026-06-03,310.26,316.94,308.85,314.18,50836700
2026-06-04,311.23,313.54,309.65,313.23,44869100
2026-06-05,307.34,315.17,307.15,312.86,65310500
2026-06-08,301.54,317.4,301.17,308.74,77949100
2026-06-09,290.55,300.75,287.78,300.28,70108800
2026-06-10,291.58,294.75,287.38,290.74,52793300
2026-06-11,295.63,297.0,289.59,293.72,42572500
2026-06-12,291.13,297.14,289.62,296.03,38742100
2026-06-15,296.42,297.78,291.7,294.12,45732600
2026-06-16,299.24,300.48,293.97,295.25,39874400
2026-06-17,295.95,302.07,294.36,300.85,42745100
2026-06-18,298.01,300.57,295.62,298.11,85962200
